<?xml version="1.0" encoding="UTF-8"?>
<beans xmlns="http://www.springframework.org/schema/beans"
	xmlns:xsi="http://www.w3.org/2001/XMLSchema-instance" xmlns:p="http://www.springframework.org/schema/p"
	xmlns:aop="http://www.springframework.org/schema/aop" xmlns:tx="http://www.springframework.org/schema/tx"
	xsi:schemaLocation="http://www.springframework.org/schema/beans http://www.springframework.org/schema/beans/spring-beans-3.1.xsd
       http://www.springframework.org/schema/aop http://www.springframework.org/schema/aop/spring-aop-3.1.xsd
       http://www.springframework.org/schema/tx http://www.springframework.org/schema/tx/spring-tx-3.1.xsd">

	<!--bean id="propertyConfigurer" class="org.springframework.beans.factory.config.PropertyPlaceholderConfigurer" 
		p:location="/WEB-INF/jdbc.properties" /> <bean id="dataSource" class="org.springframework.jdbc.datasource.DriverManagerDataSource" 
		p:driverClassName="${jdbc.driverClassName}" p:url="${jdbc.url}" p:username="${jdbc.username}" 
		p:password="${jdbc.password}" / -->

	<!-- ADD PERSISTENCE SUPPORT HERE (jpa, hibernate, etc) -->

<!--	<import resource="springConfig/springHibernate.xml"></import>-->
<!--	<import resource="springConfig/DAO.xml"></import>-->
<!--	<import resource="springConfig/bean.xml"></import>-->
<!--	<bean
		class="org.springframework.beans.factory.config.PropertyPlaceholderConfigurer"
		p:location="/WEB-INF/config/dbConnection.properties"
		p:ignoreUnresolvablePlaceholders="true">

	</bean>-->
<!--        <bean id="handler1" class="com.milanosoft.RCS.web.webSocket.handler.SystemWebSocketHandler" ></bean>-->

	<!-- Multiple Language Support -->
<!--	<bean id="messageSource"
		class="org.springframework.context.support.ResourceBundleMessageSource">
		<property name="basename" value="globalMessages" />
	</bean>-->

	<!-- 上传文件解析器 -->
<!--	<bean id="multipartResolver"
		class="org.springframework.web.multipart.commons.CommonsMultipartResolver">
		<property name="maxUploadSize" value="10000000" />
	</bean>-->

	<!-- Freemarker配置 -->
<!--	<bean id="freemarkerConfig"
		class="org.springframework.web.servlet.view.freemarker.FreeMarkerConfigurer">
		<property name="templateLoaderPath" value="/WEB-INF/view/" />
		<property name="freemarkerSettings">
			<props>
				<prop key="template_update_delay">0</prop>
				<prop key="default_encoding">UTF-8</prop>
				<prop key="number_format">0.##########</prop>
				<prop key="datetime_format">yyyy-MM-dd HH:mm:ss</prop>
				<prop key="classic_compatible">true</prop>
				<prop key="template_exception_handler">ignore</prop>
			</props>
		</property>
	</bean>-->
                



</beans>
